datetime,temperature,humidity,precipitation,wind_speed,date,hour,day,day_number
2026-09-06 00:00:00,29.0,84,0.0,10.3,2026-09-06,0,Sunday,6
2026-09-06 01:00:00,28.8,83,0.0,11.3,2026-09-06,1,Sunday,6
2026-09-06 02:00:00,28.5,82,0.0,14.6,2026-09-06,2,Sunday,6
2026-09-06 03:00:00,27.6,80,0.0,16.8,2026-09-06,3,Sunday,6
2026-09-06 04:00:00,26.7,84,0.0,13.6,2026-09-06,4,Sunday,6
2026-09-06 05:00:00,26.7,88,0.0,14.2,2026-09-06,5,Sunday,6
2026-09-06 06:00:00,26.7,88,0.0,11.7,2026-09-06,6,Sunday,6
2026-09-06 07:00:00,27.7,85,0.0,10.2,2026-09-06,7,Sunday,6
2026-09-06 08:00:00,28.8,81,0.0,10.7,2026-09-06,8,Sunday,6
2026-09-06 09:00:00,30.5,75,0.0,9.8,2026-09-06,9,Sunday,6
2026-09-06 10:00:00,32.4,65,0.0,10.0,2026-09-06,10,Sunday,6
2026-09-06 11:00:00,33.7,58,0.0,9.7,2026-09-06,11,Sunday,6
2026-09-06 12:00:00,34.5,55,0.0,6.6,2026-09-06,12,Sunday,6
2026-09-06 13:00:00,34.7,55,0.0,4.2,2026-09-06,13,Sunday,6
2026-09-06 14:00:00,33.8,64,0.0,7.1,2026-09-06,14,Sunday,6
2026-09-06 15:00:00,31.6,78,0.9,9.1,2026-09-06,15,Sunday,6
2026-09-06 16:00:00,31.3,79,0.9,8.4,2026-09-06,16,Sunday,6
2026-09-06 17:00:00,30.9,78,0.1,8.1,2026-09-06,17,Sunday,6
2026-09-06 18:00:00,30.0,85,0.0,10.3,2026-09-06,18,Sunday,6
2026-09-06 19:00:00,29.5,86,0.0,11.2,2026-09-06,19,Sunday,6
2026-09-06 20:00:00,29.3,85,0.0,12.4,2026-09-06,20,Sunday,6
2026-09-06 21:00:00,29.2,87,0.0,12.7,2026-09-06,21,Sunday,6
2026-09-06 22:00:00,29.0,89,0.2,13.0,2026-09-06,22,Sunday,6
2026-09-06 23:00:00,28.9,88,0.0,11.3,2026-09-06,23,Sunday,6
2026-09-07 00:00:00,28.6,90,0.0,10.0,2026-09-07,0,Monday,7
2026-09-07 01:00:00,28.3,87,0.0,10.4,2026-09-07,1,Monday,7
2026-09-07 02:00:00,27.8,86,0.0,11.2,2026-09-07,2,Monday,7
2026-09-07 03:00:00,27.4,88,0.0,11.0,2026-09-07,3,Monday,7
2026-09-07 04:00:00,27.0,89,0.0,10.7,2026-09-07,4,Monday,7
2026-09-07 05:00:00,26.9,89,0.0,11.3,2026-09-07,5,Monday,7
2026-09-07 06:00:00,27.0,89,0.0,11.2,2026-09-07,6,Monday,7
2026-09-07 07:00:00,28.0,86,0.0,9.3,2026-09-07,7,Monday,7
2026-09-07 08:00:00,30.0,76,0.0,8.5,2026-09-07,8,Monday,7
2026-09-07 09:00:00,32.1,62,0.0,9.5,2026-09-07,9,Monday,7
2026-09-07 10:00:00,33.3,57,0.0,8.8,2026-09-07,10,Monday,7
2026-09-07 11:00:00,34.4,52,0.0,6.1,2026-09-07,11,Monday,7
2026-09-07 12:00:00,34.8,49,0.1,0.9,2026-09-07,12,Monday,7
2026-09-07 13:00:00,34.1,54,0.2,5.3,2026-09-07,13,Monday,7
2026-09-07 14:00:00,33.0,64,0.2,10.4,2026-09-07,14,Monday,7
2026-09-07 15:00:00,32.0,69,0.1,12.9,2026-09-07,15,Monday,7
2026-09-07 16:00:00,31.2,71,0.1,14.9,2026-09-07,16,Monday,7
2026-09-07 17:00:00,30.6,75,0.0,16.1,2026-09-07,17,Monday,7
2026-09-07 18:00:00,29.7,76,0.0,13.6,2026-09-07,18,Monday,7
2026-09-07 19:00:00,29.6,82,0.0,15.4,2026-09-07,19,Monday,7
2026-09-07 20:00:00,29.5,81,0.0,14.5,2026-09-07,20,Monday,7
2026-09-07 21:00:00,29.3,82,0.0,12.1,2026-09-07,21,Monday,7
2026-09-07 22:00:00,29.1,85,0.0,12.4,2026-09-07,22,Monday,7
2026-09-07 23:00:00,28.9,86,0.0,15.0,2026-09-07,23,Monday,7
2026-09-08 00:00:00,28.7,84,0.0,16.6,2026-09-08,0,Tuesday,8
2026-09-08 01:00:00,28.4,81,0.0,16.1,2026-09-08,1,Tuesday,8
2026-09-08 02:00:00,27.9,80,0.0,13.7,2026-09-08,2,Tuesday,8
2026-09-08 03:00:00,27.5,80,0.0,12.6,2026-09-08,3,Tuesday,8
2026-09-08 04:00:00,27.0,81,0.0,11.3,2026-09-08,4,Tuesday,8
2026-09-08 05:00:00,26.7,84,0.0,9.2,2026-09-08,5,Tuesday,8
2026-09-08 06:00:00,26.6,85,0.0,7.5,2026-09-08,6,Tuesday,8
2026-09-08 07:00:00,27.9,81,0.0,5.2,2026-09-08,7,Tuesday,8
2026-09-08 08:00:00,30.1,75,0.0,6.1,2026-09-08,8,Tuesday,8
2026-09-08 09:00:00,32.4,61,0.0,8.7,2026-09-08,9,Tuesday,8
2026-09-08 10:00:00,34.0,53,0.0,8.1,2026-09-08,10,Tuesday,8
2026-09-08 11:00:00,34.8,48,0.0,3.8,2026-09-08,11,Tuesday,8
2026-09-08 12:00:00,35.0,47,0.0,1.5,2026-09-08,12,Tuesday,8
2026-09-08 13:00:00,35.0,46,0.1,2.9,2026-09-08,13,Tuesday,8
2026-09-08 14:00:00,34.9,48,0.1,4.5,2026-09-08,14,Tuesday,8
2026-09-08 15:00:00,33.7,58,0.0,10.5,2026-09-08,15,Tuesday,8
2026-09-08 16:00:00,32.1,65,0.0,14.4,2026-09-08,16,Tuesday,8
2026-09-08 17:00:00,31.1,71,0.0,14.1,2026-09-08,17,Tuesday,8
2026-09-08 18:00:00,30.2,72,0.0,14.0,2026-09-08,18,Tuesday,8
2026-09-08 19:00:00,30.0,76,0.0,14.2,2026-09-08,19,Tuesday,8
2026-09-08 20:00:00,29.9,78,0.0,12.8,2026-09-08,20,Tuesday,8
2026-09-08 21:00:00,29.7,79,0.0,11.2,2026-09-08,21,Tuesday,8
2026-09-08 22:00:00,29.4,80,0.0,11.2,2026-09-08,22,Tuesday,8
2026-09-08 23:00:00,29.0,82,0.0,12.5,2026-09-08,23,Tuesday,8
2026-09-09 00:00:00,28.7,81,0.0,13.3,2026-09-09,0,Wednesday,9
2026-09-09 01:00:00,28.4,81,0.0,11.6,2026-09-09,1,Wednesday,9
2026-09-09 02:00:00,28.2,78,0.0,10.5,2026-09-09,2,Wednesday,9
2026-09-09 03:00:00,27.9,77,0.0,9.7,2026-09-09,3,Wednesday,9
2026-09-09 04:00:00,27.5,77,0.0,9.9,2026-09-09,4,Wednesday,9
2026-09-09 05:00:00,27.3,79,0.0,8.5,2026-09-09,5,Wednesday,9
2026-09-09 06:00:00,27.8,76,0.0,9.9,2026-09-09,6,Wednesday,9
2026-09-09 07:00:00,29.5,67,0.0,10.3,2026-09-09,7,Wednesday,9
2026-09-09 08:00:00,31.0,61,0.0,13.1,2026-09-09,8,Wednesday,9
2026-09-09 09:00:00,32.6,56,0.0,13.1,2026-09-09,9,Wednesday,9
2026-09-09 10:00:00,34.0,51,0.0,12.5,2026-09-09,10,Wednesday,9
2026-09-09 11:00:00,35.3,47,0.0,10.3,2026-09-09,11,Wednesday,9
2026-09-09 12:00:00,36.1,45,0.1,5.7,2026-09-09,12,Wednesday,9
2026-09-09 13:00:00,36.0,46,0.0,2.4,2026-09-09,13,Wednesday,9
2026-09-09 14:00:00,35.3,49,0.0,8.6,2026-09-09,14,Wednesday,9
2026-09-09 15:00:00,33.3,57,0.9,11.6,2026-09-09,15,Wednesday,9
2026-09-09 16:00:00,32.7,61,0.1,10.7,2026-09-09,16,Wednesday,9
2026-09-09 17:00:00,31.8,65,0.0,13.2,2026-09-09,17,Wednesday,9
2026-09-09 18:00:00,31.2,67,0.0,12.5,2026-09-09,18,Wednesday,9
2026-09-09 19:00:00,30.9,69,0.0,12.6,2026-09-09,19,Wednesday,9
2026-09-09 20:00:00,30.6,71,0.0,10.1,2026-09-09,20,Wednesday,9
2026-09-09 21:00:00,30.4,74,0.0,3.8,2026-09-09,21,Wednesday,9
2026-09-09 22:00:00,29.8,75,0.0,6.3,2026-09-09,22,Wednesday,9
2026-09-09 23:00:00,29.3,77,0.3,9.8,2026-09-09,23,Wednesday,9
2026-09-10 00:00:00,28.5,81,0.2,8.1,2026-09-10,0,Thursday,10
2026-09-10 01:00:00,27.6,84,0.2,6.6,2026-09-10,1,Thursday,10
2026-09-10 02:00:00,26.9,87,0.2,6.3,2026-09-10,2,Thursday,10
2026-09-10 03:00:00,26.7,88,0.0,6.0,2026-09-10,3,Thursday,10
2026-09-10 04:00:00,26.7,87,0.0,5.4,2026-09-10,4,Thursday,10
2026-09-10 05:00:00,27.0,85,0.0,5.3,2026-09-10,5,Thursday,10
2026-09-10 06:00:00,27.6,83,0.0,5.6,2026-09-10,6,Thursday,10
2026-09-10 07:00:00,28.5,79,0.0,6.1,2026-09-10,7,Thursday,10
2026-09-10 08:00:00,29.7,74,0.0,5.8,2026-09-10,8,Thursday,10
2026-09-10 09:00:00,31.6,63,0.0,5.4,2026-09-10,9,Thursday,10
2026-09-10 10:00:00,33.9,52,0.0,7.7,2026-09-10,10,Thursday,10
2026-09-10 11:00:00,35.4,46,0.0,9.0,2026-09-10,11,Thursday,10
2026-09-10 12:00:00,35.6,47,0.0,6.2,2026-09-10,12,Thursday,10
2026-09-10 13:00:00,35.1,51,0.0,5.5,2026-09-10,13,Thursday,10
2026-09-10 14:00:00,34.4,54,0.0,8.8,2026-09-10,14,Thursday,10
2026-09-10 15:00:00,33.7,57,0.2,10.5,2026-09-10,15,Thursday,10
2026-09-10 16:00:00,32.9,60,0.2,11.2,2026-09-10,16,Thursday,10
2026-09-10 17:00:00,31.9,64,0.2,10.1,2026-09-10,17,Thursday,10
2026-09-10 18:00:00,30.5,70,0.9,4.3,2026-09-10,18,Thursday,10
2026-09-10 19:00:00,29.1,79,0.9,4.4,2026-09-10,19,Thursday,10
2026-09-10 20:00:00,27.9,86,0.9,9.3,2026-09-10,20,Thursday,10
2026-09-10 21:00:00,27.2,90,0.7,8.2,2026-09-10,21,Thursday,10
2026-09-10 22:00:00,26.9,92,0.7,7.3,2026-09-10,22,Thursday,10
2026-09-10 23:00:00,26.6,93,0.7,9.4,2026-09-10,23,Thursday,10
2026-09-11 00:00:00,26.2,93,0.0,9.8,2026-09-11,0,Friday,11
2026-09-11 01:00:00,25.8,93,0.0,9.0,2026-09-11,1,Friday,11
2026-09-11 02:00:00,25.6,92,0.0,8.1,2026-09-11,2,Friday,11
2026-09-11 03:00:00,25.5,92,0.0,7.8,2026-09-11,3,Friday,11
2026-09-11 04:00:00,25.6,93,0.0,7.9,2026-09-11,4,Friday,11
2026-09-11 05:00:00,25.8,93,0.0,8.3,2026-09-11,5,Friday,11
2026-09-11 06:00:00,26.3,91,0.0,8.1,2026-09-11,6,Friday,11
2026-09-11 07:00:00,26.9,88,0.0,7.6,2026-09-11,7,Friday,11
2026-09-11 08:00:00,27.9,83,0.0,6.6,2026-09-11,8,Friday,11
2026-09-11 09:00:00,29.5,73,0.0,5.4,2026-09-11,9,Friday,11
2026-09-11 10:00:00,31.3,64,0.0,6.0,2026-09-11,10,Friday,11
2026-09-11 11:00:00,32.8,57,0.0,7.1,2026-09-11,11,Friday,11
2026-09-11 12:00:00,33.5,55,0.1,6.3,2026-09-11,12,Friday,11
2026-09-11 13:00:00,33.7,54,0.1,6.3,2026-09-11,13,Friday,11
2026-09-11 14:00:00,33.5,56,0.1,7.8,2026-09-11,14,Friday,11
2026-09-11 15:00:00,32.6,59,0.0,8.5,2026-09-11,15,Friday,11
2026-09-11 16:00:00,31.4,65,0.0,8.3,2026-09-11,16,Friday,11
2026-09-11 17:00:00,30.3,70,0.0,8.2,2026-09-11,17,Friday,11
2026-09-11 18:00:00,29.8,73,0.0,8.1,2026-09-11,18,Friday,11
2026-09-11 19:00:00,29.5,77,0.0,8.1,2026-09-11,19,Friday,11
2026-09-11 20:00:00,29.3,79,0.0,7.6,2026-09-11,20,Friday,11
2026-09-11 21:00:00,29.1,81,0.0,7.2,2026-09-11,21,Friday,11
2026-09-11 22:00:00,28.9,82,0.0,7.7,2026-09-11,22,Friday,11
2026-09-11 23:00:00,28.7,84,0.0,9.0,2026-09-11,23,Friday,11
2026-09-12 00:00:00,28.6,85,0.0,9.8,2026-09-12,0,Saturday,12
2026-09-12 01:00:00,28.4,86,0.0,10.1,2026-09-12,1,Saturday,12
2026-09-12 02:00:00,28.2,87,0.0,9.8,2026-09-12,2,Saturday,12
2026-09-12 03:00:00,27.2,93,0.0,8.7,2026-09-12,3,Saturday,12
2026-09-12 04:00:00,27.1,93,0.0,8.0,2026-09-12,4,Saturday,12
2026-09-12 05:00:00,27.4,90,0.0,7.0,2026-09-12,5,Saturday,12
2026-09-12 06:00:00,28.3,83,0.0,5.6,2026-09-12,6,Saturday,12
2026-09-12 07:00:00,29.7,74,0.0,3.6,2026-09-12,7,Saturday,12
2026-09-12 08:00:00,31.4,65,0.0,2.0,2026-09-12,8,Saturday,12
2026-09-12 09:00:00,33.0,57,0.0,2.3,2026-09-12,9,Saturday,12
2026-09-12 10:00:00,34.3,51,0.0,3.6,2026-09-12,10,Saturday,12
2026-09-12 11:00:00,35.1,49,0.0,4.2,2026-09-12,11,Saturday,12
2026-09-12 12:00:00,35.2,48,0.1,4.1,2026-09-12,12,Saturday,12
2026-09-12 13:00:00,34.8,50,0.1,3.9,2026-09-12,13,Saturday,12
2026-09-12 14:00:00,34.1,53,0.1,5.0,2026-09-12,14,Saturday,12
2026-09-12 15:00:00,33.3,57,0.1,6.8,2026-09-12,15,Saturday,12
2026-09-12 16:00:00,32.5,61,0.1,8.5,2026-09-12,16,Saturday,12
2026-09-12 17:00:00,31.9,64,0.1,9.7,2026-09-12,17,Saturday,12
2026-09-12 18:00:00,31.5,68,0.0,10.0,2026-09-12,18,Saturday,12
2026-09-12 19:00:00,31.0,72,0.0,9.9,2026-09-12,19,Saturday,12
2026-09-12 20:00:00,30.6,76,0.0,9.6,2026-09-12,20,Saturday,12
2026-09-12 21:00:00,30.2,80,0.0,9.5,2026-09-12,21,Saturday,12
2026-09-12 22:00:00,29.8,83,0.0,9.6,2026-09-12,22,Saturday,12
2026-09-12 23:00:00,29.5,85,0.0,9.7,2026-09-12,23,Saturday,12
